№ п/п;Символ;Код;Повтор;Частота
1;А;101;8;0,1290
2;ПРОБЕЛ;110;8;0,1290
3;С;0000;3;0,0484
4;Н;0001;3;0,0484
5;К;0010;3;0,0484
6;Р;0011;3;0,0484
7;В;0101;4;0,0645
8;Г;0110;4;0,0645
9;Е;1001;4;0,0645
10;О;1111;6;0,0968
11;И;01001;2;0,0323
12;Т;01110;2;0,0323
13;ЗАПЯТАЯ;01111;2;0,0323
14;0;10001;2;0,0323
15;Д;11101;2;0,0323
16;У;010000;1;0,0161
17;М;010001;1;0,0161
18;1;100000;1;0,0161
19;4;100001;1;0,0161
20;2;111000;1;0,0161
21;3;111001;1;0,0161
