№;Символ;Повтор;Частота
1;ПРОБЕЛ;8;0,1290
2;А;8;0,1290
3;О;6;0,0968
4;В;4;0,0645
5;Е;4;0,0645
6;Г;4;0,0645
7;С;3;0,0484
8;Н;3;0,0484
9;К;3;0,0484
10;Р;3;0,0484
11;0;2;0,0323
12;Д;2;0,0323
13;И;2;0,0323
14;ЗАПЯТАЯ;2;0,0323
15;Т;2;0,0323
16;1;1;0,0161
17;4;1;0,0161
18;У;1;0,0161
19;2;1;0,0161
20;3;1;0,0161
21;М;1;0,0161
